[
  {
    "id": 1,
    "organization_id": 1,
    "name": "Kantor Pusat Green Earth Foundation",
    "description": "Kantor pusat organisasi lingkungan hidup",
    "address": "Jl. Sudirman No.123, Jakarta Pusat",
    "latitude": -6.2088,
    "longitude": 106.8456,
    "place_id": "ChIJzZQeJl0aaDERvp9NWg2-k7M",
    "formatted_address": "Jl. Sudirman No.123, Menteng, Kec. Menteng, Kota Jakarta Pusat, Daerah Khusus Ibukota Jakarta 10310, Indonesia",
    "city": "Jakarta Pusat",
    "province": "DKI Jakarta",
    "postal_code": "10310",
    "country": "Indonesia",
    "map_zoom_level": 17,
    "is_default": true,
    "usage_count": 15,
    "created_at": "2024-09-01T10:00:00Z",
    "updated_at": "2024-10-08T14:30:00Z"
  },
  {
    "id": 2,
    "organization_id": 1,
    "name": "Pantai Ancol - Area Bersih",
    "description": "Lokasi rutin untuk kegiatan bersih pantai",
    "address": "Jl. Lodan Timur No.7, RW.10, Ancol, Kec. Pademangan, Jakarta Utara",
    "latitude": -6.1265,
    "longitude": 106.8424,
    "place_id": "ChIJ4S5DjGYcaS4RVuF_VxF6O_w",
    "formatted_address": "Pantai Ancol, Jl. Lodan Timur No.7, RW.10, Ancol, Kec. Pademangan, Kota Jakarta Utara, Daerah Khusus Ibukota Jakarta 14430, Indonesia",
    "city": "Jakarta Utara",
    "province": "DKI Jakarta",
    "postal_code": "14430",
    "country": "Indonesia",
    "map_zoom_level": 16,
    "is_default": false,
    "usage_count": 8,
    "created_at": "2024-09-15T09:30:00Z",
    "updated_at": "2024-10-05T11:20:00Z"
  },
  {
    "id": 3,
    "organization_id": 2,
    "name": "Sekolah Dasar Negeri 01 Kemayoran",
    "description": "Lokasi rutin untuk program pendidikan anak",
    "address": "Jl. Kemayoran Barat No.15, Jakarta Pusat",
    "latitude": -6.1695,
    "longitude": 106.8467,
    "place_id": "ChIJzZQeJl0aaDERvp9NWg2-k7M",
    "formatted_address": "SDN 01 Kemayoran, Jl. Kemayoran Barat No.15, Kemayoran, Kec. Kemayoran, Kota Jakarta Pusat, Daerah Khusus Ibukota Jakarta 10640, Indonesia",
    "city": "Jakarta Pusat",
    "province": "DKI Jakarta",
    "postal_code": "10640",
    "country": "Indonesia",
    "map_zoom_level": 18,
    "is_default": true,
    "usage_count": 25,
    "created_at": "2024-08-20T14:15:00Z",
    "updated_at": "2024-10-07T16:45:00Z"
  },
  {
    "id": 4,
    "organization_id": 3,
    "name": "Rumah Singgah Diponegoro",
    "description": "Rumah singgah untuk anak jalanan",
    "address": "Jl. Diponegoro No.123, Menteng, Jakarta Pusat",
    "latitude": -6.1944,
    "longitude": 106.8294,
    "place_id": "ChIJzZQeJl0aaDERvp9NWg2-k7M",
    "formatted_address": "Jl. Diponegoro No.123, Menteng, Kec. Menteng, Kota Jakarta Pusat, Daerah Khusus Ibukota Jakarta 10310, Indonesia",
    "city": "Jakarta Pusat",
    "province": "DKI Jakarta",
    "postal_code": "10310",
    "country": "Indonesia",
    "map_zoom_level": 18,
    "is_default": false,
    "usage_count": 12,
    "created_at": "2024-09-10T13:00:00Z",
    "updated_at": "2024-10-02T08:30:00Z"
  },
  {
    "id": 5,
    "organization_id": 4,
    "name": "Gedung PMI Pusat Jakarta",
    "description": "Kantor pusat PMI untuk kegiatan donor darah",
    "address": "Jl. Kramat Raya No.47, Kramat, Senen, Jakarta Pusat",
    "latitude": -6.1705,
    "longitude": 106.8429,
    "place_id": "ChIJN1t_tDeuEmsRUsoyG83frY4",
    "formatted_address": "Gedung PMI Pusat, Jl. Kramat Raya No.47, Kramat, Kec. Senen, Kota Jakarta Pusat, Daerah Khusus Ibukota Jakarta 10450, Indonesia",
    "city": "Jakarta Pusat",
    "province": "DKI Jakarta",
    "postal_code": "10450",
    "country": "Indonesia",
    "map_zoom_level": 17,
    "is_default": true,
    "usage_count": 18,
    "created_at": "2024-08-01T08:00:00Z",
    "updated_at": "2024-10-03T11:20:00Z"
  },
  {
    "id": 6,
    "organization_id": 4,
    "name": "RS Cipto Mangunkusumo",
    "description": "Rumah sakit rujukan untuk kegiatan kesehatan",
    "address": "Jl. Diponegoro No.71, Jakarta Pusat",
    "latitude": -6.1870,
    "longitude": 106.8312,
    "place_id": "ChIJkxHzX1waaDERgAl7m7B2k5s",
    "formatted_address": "RS Cipto Mangunkusumo, Jl. Diponegoro No.71, Kenari, Kec. Senen, Kota Jakarta Pusat, Daerah Khusus Ibukota Jakarta 10430, Indonesia",
    "city": "Jakarta Pusat",
    "province": "DKI Jakarta",
    "postal_code": "10430",
    "country": "Indonesia",
    "map_zoom_level": 17,
    "is_default": false,
    "usage_count": 7,
    "created_at": "2024-09-05T12:30:00Z",
    "updated_at": "2024-10-01T09:15:00Z"
  }
]